﻿<?xml version="1.0" encoding="utf-8" standalone="no"?>
<manifest identifier="_6jmEMv2zPkA_course_id" version="1.3" xmlns="http://www.imsglobal.org/xsd/imscp_v1p1" xmlns:adlcp="http://www.adlnet.org/xsd/adlcp_v1p3" xmlns:adlseq="http://www.adlnet.org/xsd/adlseq_v1p3" xmlns:adlnav="http://www.adlnet.org/xsd/adlnav_v1p3" xmlns:imsss="http://www.imsglobal.org/xsd/imsss" xmlns:xsi="http://www.w3.org/2001/XMLSchema-instance" xsi:schemaLocation="http://www.imsglobal.org/xsd/imscp_v1p1 imscp_v1p1.xsd
                        http://www.adlnet.org/xsd/adlcp_v1p3 adlcp_v1p3.xsd
                        http://www.adlnet.org/xsd/adlseq_v1p3 adlseq_v1p3.xsd
                        http://www.adlnet.org/xsd/adlnav_v1p3 adlnav_v1p3.xsd
                        http://www.imsglobal.org/xsd/imsss imsss_v1p0.xsd">
  <metadata>
    <schema>ADL SCORM</schema>
    <schemaversion>CAM 1.3</schemaversion>
    <adlcp:location>metadata.xml</adlcp:location>
  </metadata>
  <organizations default="Spelling_Smart_ORG">
    <organization identifier="Spelling_Smart_ORG" adlseq:objectivesGlobalToSystem="false">
      <title>Spelling Smart</title>
      <item identifier="spelling2_SCO" identifierref="__6jmEMv2zPkA_course_id_RES" isvisible="true">
        <title>Spelling Smart</title>
        <imsss:sequencing>
          <imsss:deliveryControls tracked="true" completionSetByContent="true" objectiveSetByContent="true" />
        </imsss:sequencing>
      </item>
      <metadata>
        <adlcp:location>metadata.xml</adlcp:location>
      </metadata>
      <imsss:sequencing>
        <imsss:controlMode choice="true" flow="true" />
        <imsss:deliveryControls tracked="true" completionSetByContent="false" objectiveSetByContent="false" />
      </imsss:sequencing>
    </organization>
  </organizations>
  <resources>
    <resource identifier="__6jmEMv2zPkA_course_id_RES" type="webcontent" adlcp:scormType="sco" href="index_lms.html">
      <file href="story_content/thumbnail.jpg" />
      <file href="mobile/5toNZmfq5Ti_80_P_60_0_960_720_DX1620_DY1620_CX960_CY720.png" />
      <file href="story_content/report.html" />
      <file href="mobile/6OCbX8dSQuG_80_P_0_0_116_117_DX188_DY188_CX117_CY117.png" />
      <file href="mobile/6BdJOtpCqzQ_80_P_0_0_183_184_DX278_DY278_CX184_CY184.png" />
      <file href="mobile/6hMY7uy1gWx_80_P_0_0_116_117_DX188_DY188_CX117_CY117.png" />
      <file href="meta.xml" />
      <file href="story_content/user.js" />
      <file href="html5/lib/scripts/slides.min.js" />
      <file href="html5/lib/scripts/frame.mobile.min.js" />
      <file href="html5/lib/scripts/bootstrapper.min.js" />
      <file href="html5/lib/scripts/frame.desktop.min.js" />
      <file href="html5/lib/stylesheets/mobile.min.css" />
      <file href="html5/lib/stylesheets/desktop.min.css" />
      <file href="html5/lib/stylesheets/mobile-fonts/open-sans-light.woff" />
      <file href="html5/lib/stylesheets/mobile-fonts/open-sans-bold.woff" />
      <file href="html5/lib/stylesheets/mobile-fonts/open-sans-regular.woff" />
      <file href="html5/data/css/output.min.css" />
      <file href="html5/data/js/paths.js" />
      <file href="html5/data/js/5bEFP5UjzeS.js" />
      <file href="html5/data/js/6ksDLmLYJrQ.js" />
      <file href="html5/data/js/5uqBwiEr6gl.js" />
      <file href="html5/data/js/data.js" />
      <file href="html5/data/js/6CJudny9tCl.js" />
      <file href="html5/data/js/6kbufkdN4tp.js" />
      <file href="html5/data/js/frame.js" />
      <file href="analytics-frame.html" />
      <file href="story.html" />
      <file href="index_lms.html" />
      <file href="lms/AICCComm.html" />
      <file href="lms/blank.html" />
      <file href="lms/browsersniff.js" />
      <file href="lms/goodbye.html" />
      <file href="lms/scormdriver.js" />
    </resource>
  </resources>
</manifest>